ATOM,Atm_no,Atm_name,Res_name,Atm_type,Charge,Vdwrad,Vdweps
ATOM,1,N,ALA,N,-0.1438,1.824,0.17
ATOM,2,CA,ALA,CT,0.016,1.908,0.1094
ATOM,3,C,ALA,C,0.5973,1.908,0.086
ATOM,4,O,ALA,O,-0.5679,1.6612,0.21
ATOM,5,CB,ALA,CT,0.0016,1.908,0.1094
ATOM,6,N,ASP,N,-0.2227,1.824,0.17
ATOM,7,CA,ASP,CT,0.1261,1.908,0.1094
ATOM,8,C,ASP,C,0.5366,1.908,0.086
ATOM,9,O,ASP,O,-0.5819,1.6612,0.21
ATOM,10,CB,ASP,CT,-0.0059,1.908,0.1094
ATOM,11,CG,ASP,C,0.7994,1.908,0.086
ATOM,12,OD1,ASP,O2,-0.8014,1.6612,0.21
ATOM,13,OD2,ASP,O2,-0.8014,1.6612,0.21
ATOM,2322,N,CYS,N,-0.1438,1.824,0.17
ATOM,2323,CA,CYS,CT,0.1337,1.908,0.1094
ATOM,2324,C,CYS,C,0.5973,1.908,0.086
ATOM,2325,O,CYS,O,-0.5679,1.6612,0.21
ATOM,2326,CB,CYS,CT,0.0993,1.908,0.1094
ATOM,2327,SG,CYS,SH,-0.1186,2,0.25
ATOM,23,N,GLU,N,-0.2227,1.824,0.17
ATOM,24,CA,GLU,CT,0.1502,1.908,0.1094
ATOM,25,C,GLU,C,0.5366,1.908,0.086
ATOM,26,O,GLU,O,-0.5819,1.6612,0.21
ATOM,27,CB,GLU,CT,0.0214,1.908,0.1094
ATOM,28,CG,GLU,CT,-0.0714,1.908,0.1094
ATOM,29,CD,GLU,C,0.8054,1.908,0.086
ATOM,30,OE1,GLU,O2,-0.8188,1.6612,0.21
ATOM,31,OE2,GLU,O2,-0.8188,1.6612,0.21
ATOM,2328,N,PHE,N,-0.1438,1.824,0.17
ATOM,2329,CA,PHE,CT,0.0954,1.908,0.1094
ATOM,2330,C,PHE,C,0.5973,1.908,0.086
ATOM,2331,O,PHE,O,-0.5679,1.6612,0.21
ATOM,2332,CB,PHE,CT,0.0247,1.908,0.1094
ATOM,2333,CG,PHE,CA,0.0118,1.908,0.086
ATOM,2334,CD1,PHE,CA,0.0074,1.908,0.086
ATOM,2335,CD2,PHE,CA,0.0074,1.908,0.086
ATOM,2336,CE1,PHE,CA,-0.0274,1.908,0.086
ATOM,2337,CE2,PHE,CA,-0.0274,1.908,0.086
ATOM,2338,CZ,PHE,CA,0.0225,1.908,0.086
ATOM,2237,N,GLY,N,-0.1438,1.824,0.17
ATOM,2238,CA,GLY,CT,0.1144,1.908,0.1094
ATOM,2239,C,GLY,C,0.5973,1.908,0.086
ATOM,2240,O,GLY,O,-0.5679,1.6612,0.21
ATOM,2094,N,HIS,N,-0.1438,1.824,0.17
ATOM,2095,CA,HIS,CT,0.0779,1.908,0.1094
ATOM,2096,C,HIS,C,0.5973,1.908,0.086
ATOM,2097,O,HIS,O,-0.5679,1.6612,0.21
ATOM,2098,CB,HIS,CT,0.066,1.908,0.1094
ATOM,2099,CG,HIS,CC,0.1868,1.908,0.086
ATOM,2100,ND1,HIS,NB,-0.5432,1.824,0.17
ATOM,2101,CD2,HIS,CW,-0.0345,1.908,0.086
ATOM,2102,CE1,HIS,CR,0.307,1.908,0.086
ATOM,2103,NE2,HIS,NA,0.0544,1.824,0.17
ATOM,2287,N,ILE,N,-0.1438,1.824,0.17
ATOM,2288,CA,ILE,CT,0.0272,1.908,0.1094
ATOM,2289,C,ILE,C,0.5973,1.908,0.086
ATOM,2290,O,ILE,O,-0.5679,1.6612,0.21
ATOM,2291,CB,ILE,CT,0.149,1.908,0.1094
ATOM,2292,CG1,ILE,CT,-0.0558,1.908,0.1094
ATOM,2293,CG2,ILE,CT,0.0042,1.908,0.1094
ATOM,2294,CD1,ILE,CT,-0.0102,1.908,0.1094
ATOM,14,N,LYS,N,-0.0732,1.824,0.17
ATOM,15,CA,LYS,CT,-0.2158,1.908,0.1094
ATOM,16,C,LYS,C,0.7431,1.908,0.086
ATOM,17,O,LYS,O,-0.5894,1.6612,0.21
ATOM,18,CB,LYS,CT,0.063,1.908,0.1094
ATOM,19,CG,LYS,CT,0.0393,1.908,0.1094
ATOM,20,CD,LYS,CT,0.0763,1.908,0.1094
ATOM,21,CE,LYS,CT,0.2127,1.908,0.1094
ATOM,22,NZ,LYS,N3,0.6346,1.875,0.17
ATOM,32,N,LEU,N,-0.1438,1.824,0.17
ATOM,33,CA,LEU,CT,0.0404,1.908,0.1094
ATOM,34,C,LEU,C,0.5973,1.908,0.086
ATOM,35,O,LEU,O,-0.5679,1.6612,0.21
ATOM,35,OXT,LEU,O,-0.5679,1.6612,0.21
ATOM,36,CB,LEU,CT,-0.0188,1.908,0.1094
ATOM,37,CG,LEU,CT,0.317,1.908,0.1094
ATOM,38,CD1,LEU,CT,-0.1121,1.908,0.1094
ATOM,39,CD2,LEU,CT,-0.1121,1.908,0.1094
ATOM,1913,N,MET,N,-0.1438,1.824,0.17
ATOM,1914,CA,MET,CT,0.0643,1.908,0.1094
ATOM,1915,C,MET,C,0.5973,1.908,0.086
ATOM,1916,O,MET,O,-0.5679,1.6612,0.21
ATOM,1917,CB,MET,CT,0.0824,1.908,0.1094
ATOM,1918,CG,MET,CT,0.0898,1.908,0.1094
ATOM,1919,SD,MET,S,-0.2737,2,0.25
ATOM,1920,CE,MET,CT,0.1516,1.908,0.1094
ATOM,1847,N,ASN,N,-0.1438,1.824,0.17
ATOM,1848,CA,ASN,CT,0.1191,1.908,0.1094
ATOM,1849,C,ASN,C,0.5973,1.908,0.086
ATOM,1850,O,ASN,O,-0.5679,1.6612,0.21
ATOM,1851,CB,ASN,CT,-0.0447,1.908,0.1094
ATOM,1852,CG,ASN,C,0.713,1.908,0.086
ATOM,1853,OD1,ASN,O,-0.5931,1.6612,0.21
ATOM,1854,ND2,ASN,N,-0.0799,1.824,0.17
ATOM,2230,N,PRO,N,-0.2548,1.824,0.17
ATOM,2231,CA,PRO,CT,0.0375,1.908,0.1094
ATOM,2232,C,PRO,C,0.5896,1.908,0.086
ATOM,2233,O,PRO,O,-0.5748,1.6612,0.21
ATOM,2234,CB,PRO,CT,0.0436,1.908,0.1094
ATOM,2235,CG,PRO,CT,0.0615,1.908,0.1094
ATOM,2236,CD,PRO,CT,0.0974,1.908,0.1094
ATOM,346,N,GLN,N,-0.1438,1.824,0.17
ATOM,347,CA,GLN,CT,0.016,1.908,0.1094
ATOM,348,C,GLN,C,0.5973,1.908,0.086
ATOM,349,O,GLN,O,-0.5679,1.6612,0.21
ATOM,350,CB,GLN,CT,0.0306,1.908,0.1094
ATOM,351,CG,GLN,CT,0.0059,1.908,0.1094
ATOM,352,CD,GLN,C,0.6951,1.908,0.086
ATOM,353,OE1,GLN,O,-0.6086,1.6612,0.21
ATOM,354,NE2,GLN,N,-0.0905,1.824,0.17
ATOM,1929,N,ARG,N,-0.0732,1.824,0.17
ATOM,1930,CA,ARG,CT,-0.1077,1.908,0.1094
ATOM,1931,C,ARG,C,0.7341,1.908,0.086
ATOM,1932,O,ARG,O,-0.5894,1.6612,0.21
ATOM,1933,CB,ARG,CT,-0.0647,1.908,0.1094
ATOM,1934,CG,ARG,CT,0.096,1.908,0.1094
ATOM,1935,CD,ARG,CT,0.186,1.908,0.1094
ATOM,1936,NE,ARG,N2,-0.1839,1.824,0.17
ATOM,1937,CZ,ARG,CA,0.8076,1.908,0.086
ATOM,1938,NH1,ARG,N2,0.0329,1.824,0.17
ATOM,1939,NH2,ARG,N2,0.0329,1.824,0.17
ATOM,2203,N,SER,N,-0.1438,1.824,0.17
ATOM,2204,CA,SER,CT,0.0594,1.908,0.1094
ATOM,2205,C,SER,C,0.5973,1.908,0.086
ATOM,2206,O,SER,O,-0.5679,1.6612,0.21
ATOM,2207,CB,SER,CT,0.2821,1.908,0.1094
ATOM,2208,OG,SER,OH,-0.2271,1.721,0.2104
ATOM,2295,N,THR,N,-0.1438,1.824,0.17
ATOM,2296,CA,THR,CT,0.0618,1.908,0.1094
ATOM,2297,C,THR,C,0.5973,1.908,0.086
ATOM,2298,O,THR,O,-0.5679,1.6612,0.21
ATOM,2299,CB,THR,CT,0.3697,1.908,0.1094
ATOM,2300,OG1,THR,OH,-0.2659,1.721,0.2104
ATOM,2301,CG2,THR,CT,-0.0512,1.908,0.1094
ATOM,2307,N,VAL,N,-0.1438,1.824,0.17
ATOM,2308,CA,VAL,CT,0.0094,1.908,0.1094
ATOM,2309,C,VAL,C,0.5973,1.908,0.086
ATOM,2310,O,VAL,O,-0.5679,1.6612,0.21
ATOM,2311,CB,VAL,CT,0.2628,1.908,0.1094
ATOM,2312,CG1,VAL,CT,-0.0819,1.908,0.1094
ATOM,2313,CG2,VAL,CT,-0.0819,1.908,0.1094
ATOM,424,N,TRP,N,-0.1438,1.824,0.17
ATOM,425,CA,TRP,CT,0.0848,1.908,0.1094
ATOM,426,C,TRP,C,0.5973,1.908,0.086
ATOM,427,O,TRP,O,-0.5679,1.6612,0.21
ATOM,428,CB,TRP,CT,0.0628,1.908,0.1094
ATOM,429,CG,TRP,C*,-0.1415,1.908,0.086
ATOM,430,CD1,TRP,CW,0.0424,1.908,0.086
ATOM,431,CD2,TRP,CB,0.1243,1.908,0.086
ATOM,432,NE1,TRP,NA,-0.0006,1.824,0.17
ATOM,433,CE2,TRP,CN,0.138,1.908,0.086
ATOM,434,CE3,TRP,CA,-0.0687,1.908,0.086
ATOM,435,CZ2,TRP,CA,-0.0525,1.908,0.086
ATOM,436,CZ3,TRP,CA,-0.1029,1.908,0.086
ATOM,437,CH2,TRP,CA,0.0283,1.908,0.086
ATOM,368,N,TYR,N,-0.1438,1.824,0.17
ATOM,369,CA,TYR,CT,0.0862,1.908,0.1094
ATOM,370,C,TYR,C,0.5973,1.908,0.086
ATOM,371,O,TYR,O,-0.5679,1.6612,0.21
ATOM,372,CB,TYR,CT,0.0438,1.908,0.1094
ATOM,373,CG,TYR,CA,-0.0011,1.908,0.086
ATOM,374,CD1,TYR,CA,-0.0207,1.908,0.086
ATOM,375,CD2,TYR,CA,-0.0207,1.908,0.086
ATOM,376,CE1,TYR,CA,-0.0685,1.908,0.086
ATOM,377,CE2,TYR,CA,-0.0685,1.908,0.086
ATOM,378,CZ,TYR,C,0.3226,1.908,0.086
ATOM,379,OH,TYR,OH,-0.1587,1.721,0.2104
